{
  "sample_size": 1000,
  "critical_points_stats": {
    "mean": 0.4618970186213686,
    "std": 0.19545031640583563,
    "min": 0.00192190458522455,
    "max": 1.0
  },
  "gap_distribution": {
    "mean": 0.0009990771725873627,
    "std": 0.0020313249410264383,
    "skewness": 7.7387750593559295,
    "kurtosis": 84.11293147776856
  },
  "prime_comparison": {
    "ai_gaps": {
      "mean": 0.0009990771725873627,
      "std": 0.0020313249410264383,
      "skewness": 7.7387750593559295,
      "kurtosis": 84.11293147776856,
      "min": 0.0,
      "max": 0.02715426206201399
    },
    "prime_gaps": {
      "mean": 0.23308602720367425,
      "std": 0.1683322568552428,
      "skewness": 1.5169325470913697,
      "kurtosis": 2.5542239545156216,
      "min": 0.029411764705882353,
      "max": 1.0
    }
  },
  "zeta_comparison": {
    "ai_gaps": {
      "mean": 0.0009990771725873627,
      "std": 0.0020313249410264383,
      "skewness": 7.7387750593559295,
      "kurtosis": 84.11293147776856
    },
    "zeta_gaps": {
      "mean": 0.003731302477070793,
      "std": 0.5629240692126775,
      "skewness": -4.5559917332597895,
      "kurtosis": 26.86337968328379
    }
  },
  "ks_tests": {
    "normal_distribution": {
      "statistic": 0.3183183183183183,
      "p_value": 3.876301143470565e-45,
      "conclusion": "reject"
    },
    "exponential_distribution": {
      "statistic": 0.13813813813813813,
      "p_value": 9.99300236723596e-09,
      "conclusion": "reject"
    }
  },
  "clustering": {
    "optimal_clusters": 7,
    "silhouette_score": 0.5537072700307398,
    "inertias": [
      14.816640051375177,
      7.814369537277919,
      4.291855150260467,
      2.779201753607518,
      1.9527871437110789,
      1.3945292057483645,
      1.0671770611131322,
      0.8482419680969002,
      0.6975262643847538
    ],
    "silhouette_scores": [
      0.5429894191006357,
      0.5191911553329068,
      0.5522398028926538,
      0.536285842071743,
      0.5398832974005928,
      0.5537072700307398,
      0.543569098790231,
      0.5364028713413113,
      0.5333875661502254
    ]
  }
}